{
  "timestamp": "2026-01-25 21:10:05",
  "phase": "Phase 11: Winograd Transform Integration",
  "correctness_validation": {
    "sizes": [
      64,
      128,
      256,
      512
    ],
    "max_errors": [
      17.286911010742188,
      27.380733489990234,
      40.43560791015625,
      71.1738510131836
    ],
    "mean_errors": [
      3.5693111419677734,
      5.061332702636719,
      7.098746299743652,
      10.088754653930664
    ],
    "std_errors": [
      2.7836039066314697,
      3.8506696224212646,
      5.40711784362793,
      7.636654853820801
    ],
    "success_rate": 0.0
  },
  "performance_benchmark": {
    "sizes": [
      512,
      1024,
      2048
    ],
    "winograd_gflops": [
      32.15060404620151,
      27.151938346422906,
      14.596745847809446
    ],
    "numpy_gflops": [
      338.4128962783093,
      414.72738141541055,
      824.582059551033
    ],
    "speedup_factors": [
      0.10301354908572284,
      0.06809796759118888,
      0.017503322277425765
    ],
    "operations_saved_percent": [
      30.0,
      30.0,
      30.0
    ],
    "kernel_times_ms": [
      9.02708371480306,
      82.5655460357666,
      1190.9766991933186
    ],
    "total_times_ms": [
      9.02708371480306,
      82.5655460357666,
      1190.9766991933186
    ]
  },
  "baseline_comparison": {
    "baseline_gflops": 758.51,
    "winograd_max_gflops": 27.77239950882813,
    "improvement_over_baseline_percent": -96.33855855442536,
    "meets_1000_gflops_target": false,
    "recommendation": "\u274c POOR: Winograd underperforms compared to baseline"
  },
  "overall_assessment": {
    "assessment": "\u274c REJECTED: Winograd transforms do not meet accuracy or performance requirements",
    "recommendation": "Move to next optimization technique",
    "correctness_rate": 0.0,
    "max_performance_gflops": 32.15060404620151,
    "meets_1000_gflops_target": false
  }
}