{
  "timestamp_utc": "2026-02-07T17:23:04.192654+00:00",
  "sessions": [
    {
      "session": 1,
      "gflops": 785.9484574919727,
      "avg_time_ms": 21.858773333333332,
      "max_error": 0.001678466796875
    },
    {
      "session": 2,
      "gflops": 786.2035863604079,
      "avg_time_ms": 21.851679999999998,
      "max_error": 0.001708984375
    },
    {
      "session": 3,
      "gflops": 786.0155806128103,
      "avg_time_ms": 21.856906666666664,
      "max_error": 0.001678466796875
    }
  ],
  "summary": {
    "size": 2048,
    "kernel": "tile24",
    "session_count": 3,
    "runs_per_session": 3,
    "peak_gflops_mean": 786.0558748217303,
    "peak_gflops_std": 0.10798272186367021,
    "peak_gflops_min": 785.9484574919727,
    "peak_gflops_max": 786.2035863604079,
    "cv_peak": 0.00013737283229154623,
    "p95_time_ms": 21.858586666666664,
    "avg_time_ms_mean": 21.855786666666663,
    "max_error_mean": 0.0016886393229166667,
    "delta_vs_baseline_percent": 1.5182584039429607
  }
}