{
  "metadata": {
    "timestamp_utc": "2026-02-07T17:42:26.148561+00:00",
    "sessions": 10,
    "iterations": 20,
    "seed": 42,
    "protocol": "10x20 canonical benchmark"
  },
  "environment": {
    "platform": "Clover",
    "device": "AMD Radeon RX 590 GME (radeonsi, polaris10, ACO, DRM 3.61, 6.14.0-37-generic)",
    "driver": "25.0.7-0ubuntu0.24.04.2"
  },
  "sizes": [
    1400,
    2048,
    3072
  ],
  "results": {
    "1400": {
      "baseline": {
        "name": "baseline_production_tile20",
        "category": "baseline",
        "status": "completed",
        "kernel_file": "src/kernels/gemm_tile20_production.cl",
        "kernel_name": "gemm_tile20_optimized",
        "local_size": [
          10,
          10
        ],
        "tile_size": 20,
        "peak_gflops": {
          "mean": 783.7768672948752,
          "std": 5.015777173887026,
          "min": 772.9262851201166,
          "p50": 782.7712221333686,
          "p95": 790.4894548195222,
          "max": 791.0550811952058
        },
        "avg_gflops": {
          "mean": 772.3432695986693,
          "std": 3.4715351269234036,
          "min": 764.4750186017715,
          "p50": 772.0548903186834,
          "p95": 777.1681335005197,
          "max": 778.5971696626261
        },
        "time_ms": {
          "mean": 7.002280500273628,
          "std": 0.044954624585689724,
          "min": 6.937570000445703,
          "p50": 7.0109895004861755,
          "p95": 7.068637349675555,
          "max": 7.100288999936311
        },
        "max_error": {
          "mean": 0.000322723388671875,
          "std": 2.5084353977620845e-05,
          "min": 0.0002899169921875,
          "p50": 0.00031280517578125,
          "p95": 0.00035934448242187496,
          "max": 0.0003662109375
        },
        "cv_peak": 0.006399496314810186
      },
      "candidates": [
        {
          "name": "io_prefetch_v1",
          "category": "variant",
          "status": "completed",
          "kernel_file": "research/breakthrough_lab/t1_io_aware/kernels/gemm_tile20_io_prefetch.cl",
          "kernel_name": "gemm_tile20_io_prefetch",
          "local_size": [
            10,
            10
          ],
          "tile_size": 20,
          "peak_gflops": {
            "mean": 820.6777647367538,
            "std": 4.642420109694843,
            "min": 808.4447117472317,
            "p50": 820.7637129269906,
            "p95": 825.5697745751382,
            "max": 827.6082136690097
          },
          "avg_gflops": {
            "mean": 808.6348477046347,
            "std": 3.1991014352589437,
            "min": 800.9330402445881,
            "p50": 809.9572341088924,
            "p95": 811.7576533302455,
            "max": 812.0810252111544
          },
          "time_ms": {
            "mean": 6.6873714999019285,
            "std": 0.03814836429237476,
            "min": 6.631157000811072,
            "p50": 6.686456499664928,
            "p95": 6.746357099291345,
            "max": 6.788343000152963
          },
          "max_error": {
            "mean": 0.000322723388671875,
            "std": 2.5084353977620845e-05,
            "min": 0.0002899169921875,
            "p50": 0.00031280517578125,
            "p95": 0.00035934448242187496,
            "max": 0.0003662109375
          },
          "cv_peak": 0.0056568123436169584,
          "delta_vs_baseline_percent": 4.7080870821358
        },
        {
          "name": "io_regblock_v1",
          "category": "variant",
          "status": "completed",
          "kernel_file": "research/breakthrough_lab/t1_io_aware/kernels/gemm_tile20_io_regblock.cl",
          "kernel_name": "gemm_tile20_io_regblock",
          "local_size": [
            5,
            5
          ],
          "tile_size": 20,
          "peak_gflops": {
            "mean": 620.5972904627536,
            "std": 3.5251820701229586,
            "min": 613.4665521074709,
            "p50": 620.9746383526319,
            "p95": 624.6811023066821,
            "max": 624.7985599961326
          },
          "avg_gflops": {
            "mean": 613.2359028511703,
            "std": 1.9308641857424202,
            "min": 609.7410273228543,
            "p50": 613.1898411643119,
            "p95": 615.8272856303105,
            "max": 616.1265649725548
          },
          "time_ms": {
            "mean": 8.843379899735737,
            "std": 0.05038239155040785,
            "min": 8.783630999460001,
            "p50": 8.83776299906458,
            "p95": 8.919857700493594,
            "max": 8.94588300070609
          },
          "max_error": {
            "mean": 0.000322723388671875,
            "std": 2.5084353977620845e-05,
            "min": 0.0002899169921875,
            "p50": 0.00031280517578125,
            "p95": 0.00035934448242187496,
            "max": 0.0003662109375
          },
          "cv_peak": 0.005680305287015315,
          "delta_vs_baseline_percent": -20.819646973674924
        }
      ]
    },
    "2048": {
      "baseline": {
        "name": "baseline_production_tile24",
        "category": "baseline",
        "status": "completed",
        "kernel_file": "src/kernels/gemm_tile24_production.cl",
        "kernel_name": "gemm_tile24_vectorized",
        "local_size": [
          12,
          12
        ],
        "tile_size": 24,
        "peak_gflops": {
          "mean": 777.4441131238148,
          "std": 1.606337409619117,
          "min": 774.3339768208714,
          "p50": 777.3680523825831,
          "p95": 780.0468041755332,
          "max": 780.0566059978955
        },
        "avg_gflops": {
          "mean": 713.1453913505524,
          "std": 0.8065831535324829,
          "min": 711.9998540198226,
          "p50": 713.3003177728597,
          "p95": 714.2462089321224,
          "max": 714.4668471421214
        },
        "time_ms": {
          "mean": 22.097977500015986,
          "std": 0.04565393149622479,
          "min": 22.0238750007411,
          "p50": 22.100045499428234,
          "p95": 22.16443924990017,
          "max": 22.186640000654734
        },
        "max_error": {
          "mean": 0.00051422119140625,
          "std": 4.87565469624953e-05,
          "min": 0.000457763671875,
          "p50": 0.0005035400390625,
          "p95": 0.0005928039550781249,
          "max": 0.000640869140625
        },
        "cv_peak": 0.0020661773399566455
      },
      "candidates": [
        {
          "name": "io_prefetch_v1",
          "category": "variant",
          "status": "completed",
          "kernel_file": "research/breakthrough_lab/t1_io_aware/kernels/gemm_tile20_io_prefetch.cl",
          "kernel_name": "gemm_tile20_io_prefetch",
          "local_size": [
            10,
            10
          ],
          "tile_size": 20,
          "peak_gflops": {
            "mean": 243.48218286508137,
            "std": 3.667580650766835,
            "min": 236.65040080529292,
            "p50": 243.5392444426452,
            "p95": 248.66137850049054,
            "max": 251.01672312752345
          },
          "avg_gflops": {
            "mean": 230.40271685246339,
            "std": 1.4439758997822663,
            "min": 228.31947292126975,
            "p50": 230.44494447279737,
            "p95": 232.4736539842591,
            "max": 232.71869943274564
          },
          "time_ms": {
            "mean": 70.57504140011588,
            "std": 1.0625303566060667,
            "min": 68.44113400075003,
            "p50": 70.54251600038697,
            "p95": 72.25662390019352,
            "max": 72.59598600103345
          },
          "max_error": {
            "mean": 0.00051422119140625,
            "std": 4.87565469624953e-05,
            "min": 0.000457763671875,
            "p50": 0.0005035400390625,
            "p95": 0.0005928039550781249,
            "max": 0.000640869140625
          },
          "cv_peak": 0.015063035034473628,