{
  "timestamp": "2026-01-25 21:10:29",
  "phase": "Phase 12: Mixed Precision Optimizations",
  "accuracy_validation": {
    "sizes": [
      128,
      256,
      512,
      1024
    ],
    "fp32_max_errors": [
      1.71661376953125e-05,
      4.57763671875e-05,
      9.5367431640625e-05,
      0.000213623046875
    ],
    "mixed_max_errors": [
      1.71661376953125e-05,
      4.57763671875e-05,
      9.5367431640625e-05,
      0.000213623046875
    ],
    "mixed_accuracy_loss_percent": [
      3.564711369108409e-05,
      6.527819641632959e-05,
      9.60126708378084e-05,
      0.00013561772357206792
    ],
    "fp16_max_errors": [
      Infinity,
      Infinity,
      Infinity,
      Infinity
    ],
    "success_rate_fp32": 100.0,
    "success_rate_mixed": 100.0,
    "success_rate_fp16": 0.0
  },
  "performance_benchmark": {
    "sizes": [
      512,
      1024,
      1536
    ],
    "fp32_gflops": [
      7.53660712547673,
      6.897560836896289,
      4.412768023343317
    ],
    "mixed_gflops": [
      7.581940117739923,
      7.159764239087466,
      4.41721766232429
    ],
    "fp16_gflops": [
      0.0,
      0.0,
      0.0
    ],
    "speedup_mixed_vs_fp32": [
      1.0060150398592425,
      1.0380139310680094,
      1.0010083555168625
    ],
    "speedup_fp16_vs_fp32": [
      0.0,
      0.0,
      0.0
    ],
    "accuracy_loss_percent": [
      0.0,
      0.0,
      0.0
    ],
    "memory_efficiency": [
      1.0,
      1.0,
      1.0
    ],
    "kernel_times_ms": [
      35.40458666666667,
      299.9377600000001,
      1640.79696
    ]
  },
  "baseline_comparison": {
    "baseline_gflops": 758.51,
    "mixed_max_gflops": 7.268930689448065,
    "fp16_max_gflops": 0.0,
    "improvement_over_baseline_percent": -99.04168294558437,
    "meets_1000_gflops_target": false,
    "average_accuracy_loss": 0.0,
    "recommendation": "\u274c POOR: Insufficient performance gain"
  },
  "overall_assessment": {
    "assessment": "\u274c REJECTED: Mixed precision does not meet accuracy or performance requirements",
    "recommendation": "Move to Phase 13 (GCN Architecture Tuning)",
    "accuracy_rate": 100.0,
    "max_performance_gflops": 7.581940117739923,
    "meets_1000_gflops_target": false,
    "average_accuracy_loss_percent": 0.0
  }
}